www.google.com,google.com,Google
www.youtube.com,youtube.com,YouTube
www.facebook.com,facebook.com,Facebook
www.instagram.com,instagram.com,Instagram
www.x.com,x.com,X (formerly Twitter)
www.tiktok.com,tiktok.com,TikTok
www.baidu.com,baidu.com,Baidu
www.wikipedia.org,wikipedia.org,Wikipedia
www.yahoo.com,yahoo.com,Yahoo
www.amazon.com,amazon.com,Amazon
www.whatsapp.com,whatsapp.com,WhatsApp
www.reddit.com,reddit.com,Reddit
www.netflix.com,netflix.com,Netflix
www.linkedin.com,linkedin.com,LinkedIn
www.discord.com,discord.com,Discord
www.microsoft.com,microsoft.com,Microsoft
www.quora.com,quora.com,Quora
www.live.com,live.com,Outlook
www.office.com,office.com,Microsoft Office
www.twitch.tv,twitch.tv,Twitch
www.una.ac.cr,una.ac.cr,Universidad Nacional de Costa Rica
www.aulavirtual.una.ac.cr,aulavirtual.una.ac.cr,Aula Virtual UNA
www.bing.com,bing.com,Bing
www.yandex.ru,yandex.ru,Yandex
www.aliexpress.com,aliexpress.com,AliExpress
www.weibo.com,weibo.com,Weibo
www.qq.com,qq.com,Tencent QQ
www.zoom.us,zoom.us,Zoom
www.wordpress.com,wordpress.com,WordPress
www.github.com,github.com,GitHub
www.adobe.com,adobe.com,Adobe
www.medium.com,medium.com,Medium
www.pinterest.com,pinterest.com,Pinterest
www.ebay.com,ebay.com,eBay
www.imgur.com,imgur.com,Imgur
www.apple.com,apple.com,Apple
www.salesforce.com,salesforce.com,Salesforce
www.dropbox.com,dropbox.com,Dropbox
www.soundcloud.com,soundcloud.com,SoundCloud
www.roblox.com,roblox.com,Roblox
www.stackoverflow.com,stackoverflow.com,Stack Overflow
www.ok.ru,ok.ru,Odnoklassniki
www.nytimes.com,nytimes.com,The New York Times
www.bbc.com,bbc.com,BBC
www.cnn.com,cnn.com,CNN
www.naver.com,naver.com,Naver
www.spotify.com,spotify.com,Spotify
www.vimeo.com,vimeo.com,Vimeo
www.dailymotion.com,dailymotion.com,Dailymotion
www.etsy.com,etsy.com,Etsy
www.paypal.com,paypal.com,PayPal
www.researchgate.net,researchgate.net,ResearchGate
www.sohu.com,sohu.com,Sohu
www.tumblr.com,tumblr.com,Tumblr
www.deviantart.com,deviantart.com,DeviantArt
www.fandom.com,fandom.com,Fandom
www.walmart.com,walmart.com,Walmart
www.imdb.com,imdb.com,IMDb
www.tmall.com,tmall.com,Tmall
www.chase.com,chase.com,Chase
www.indeed.com,indeed.com,Indeed
www.flickr.com,flickr.com,Flickr
www.theguardian.com,theguardian.com,The Guardian
www.hulu.com,hulu.com,Hulu
www.buzzfeed.com,buzzfeed.com,BuzzFeed
www.kickstarter.com,kickstarter.com,Kickstarter
www.weather.com,weather.com,The Weather Channel
www.trustpilot.com,trustpilot.com,Trustpilot
www.craigslist.org,craigslist.org,Craigslist
www.washingtonpost.com,washingtonpost.com,The Washington Post
www.zillow.com,zillow.com,Zillow
www.homedepot.com,homedepot.com,The Home Depot
www.costco.com,costco.com,Costco
www.nike.com,nike.com,Nike
www.target.com,target.com,Target
www.chegg.com,chegg.com,Chegg
www.bestbuy.com,bestbuy.com,Best Buy
www.booking.com,booking.com,Booking.com
www.hotels.com,hotels.com,Hotels.com
www.tripadvisor.com,tripadvisor.com,Tripadvisor
www.khanacademy.org,khanacademy.org,Khan Academy
www.coursera.org,coursera.org,Coursera
www.udemy.com,udemy.com,Udemy
www.udacity.com,udacity.com,Udacity
www.edx.org,edx.org,edX
www.duolingo.com,duolingo.com,Duolingo
www.rosettastone.com,rosettastone.com,Rosetta Stone
www.nationalgeographic.com,nationalgeographic.com,National Geographic
www.msn.com,msn.com,MSN
www.cnet.com,cnet.com,CNET
www.forbes.com,forbes.com,Forbes
www.businessinsider.com,businessinsider.com,Business Insider
www.bloomberg.com,bloomberg.com,Bloomberg
www.reuters.com,reuters.com,Reuters
www.nba.com,nba.com,NBA
www.espn.com,espn.com,ESPN
www.fifa.com,fifa.com,FIFA
www.nfl.com,nfl.com,NFL
www.nintendo.com,nintendo.com,Nintendo
www.samsung.com,samsung.com,Samsung